{"name":"EcommerceApp","classpathEntries":[{"kind":"binary","path":"C:\\Program Files\\Java\\jdk1.8.0_172\\jre\\lib\\resources.jar","javadocContainerUrl":"https://docs.oracle.com/javase/1/docs/api/","isSystem":true,"isOwn":false,"isTest":false,"isJavaContent":false},{"kind":"binary","path":"C:\\Program Files\\Java\\jdk1.8.0_172\\jre\\lib\\rt.jar","javadocContainerUrl":"https://docs.oracle.com/javase/1/docs/api/","isSystem":true,"isOwn":false,"isTest":false,"isJavaContent":false},{"kind":"binary","path":"C:\\Program Files\\Java\\jdk1.8.0_172\\jre\\lib\\jsse.jar","javadocContainerUrl":"https://docs.oracle.com/javase/1/docs/api/","isSystem":true,"isOwn":false,"isTest":false,"isJavaContent":false},{"kind":"binary","path":"C:\\Program Files\\Java\\jdk1.8.0_172\\jre\\lib\\jce.jar","javadocContainerUrl":"https://docs.oracle.com/javase/1/docs/api/","isSystem":true,"isOwn":false,"isTest":false,"isJavaContent":false},{"kind":"binary","path":"C:\\Program Files\\Java\\jdk1.8.0_172\\jre\\lib\\charsets.jar","javadocContainerUrl":"https://docs.oracle.com/javase/1/docs/api/","isSystem":true,"isOwn":false,"isTest":false,"isJavaContent":false},{"kind":"binary","path":"C:\\Program Files\\Java\\jdk1.8.0_172\\jre\\lib\\jfr.jar","javadocContainerUrl":"https://docs.oracle.com/javase/1/docs/api/","isSystem":true,"isOwn":false,"isTest":false,"isJavaContent":false},{"kind":"binary","path":"C:\\Users\\Kishor\\.m2\\repository\\org\\springframework\\boot\\spring-boot-starter-data-jpa\\2.4.6\\spring-boot-starter-data-jpa-2.4.6.jar","sourceContainerUrl":"file:/C:/Users/Kishor/.m2/repository/org/springframework/boot/spring-boot-starter-data-jpa/2.4.6/spring-boot-starter-data-jpa-2.4.6-sources.jar","javadocContainerUrl":"file:/C:/Users/Kishor/.m2/repository/org/springframework/boot/spring-boot-starter-data-jpa/2.4.6/spring-boot-starter-data-jpa-2.4.6-javadoc.jar","isSystem":false,"isOwn":false,"isTest":false,"isJavaContent":false},{"kind":"binary","path":"C:\\Users\\Kishor\\.m2\\repository\\org\\springframework\\boot\\spring-boot-starter-aop\\2.4.6\\spring-boot-starter-aop-2.4.6.jar","sourceContainerUrl":"file:/C:/Users/Kishor/.m2/repository/org/springframework/boot/spring-boot-starter-aop/2.4.6/spring-boot-starter-aop-2.4.6-sources.jar","javadocContainerUrl":"file:/C:/Users/Kishor/.m2/repository/org/springframework/boot/spring-boot-starter-aop/2.4.6/spring-boot-starter-aop-2.4.6-javadoc.jar","isSystem":false,"isOwn":false,"isTest":false,"isJavaContent":false},{"kind":"binary","path":"C:\\Users\\Kishor\\.m2\\repository\\org\\springframework\\spring-aop\\5.3.7\\spring-aop-5.3.7.jar","sourceContainerUrl":"file:/C:/Users/Kishor/.m2/repository/org/springframework/spring-aop/5.3.7/spring-aop-5.3.7-sources.jar","javadocContainerUrl":"file:/C:/Users/Kishor/.m2/repository/org/springframework/spring-aop/5.3.7/spring-aop-5.3.7-javadoc.jar","isSystem":false,"isOwn":false,"isTest":false,"isJavaContent":false},{"kind":"binary","path":"C:\\Users\\Kishor\\.m2\\repository\\org\\aspectj\\aspectjweaver\\1.9.6\\aspectjweaver-1.9.6.jar","sourceContainerUrl":"file:/C:/Users/Kishor/.m2/repository/org/aspectj/aspectjweaver/1.9.6/aspectjweaver-1.9.6-sources.jar","javadocContainerUrl":"file:/C:/Users/Kishor/.m2/repository/org/aspectj/aspectjweaver/1.9.6/aspectjweaver-1.9.6-javadoc.jar","isSystem":false,"isOwn":false,"isTest":false,"isJavaContent":false},{"kind":"binary","path":"C:\\Users\\Kishor\\.m2\\repository\\org\\springframework\\boot\\spring-boot-starter-jdbc\\2.4.6\\spring-boot-starter-jdbc-2.4.6.jar","sourceContainerUrl":"file:/C:/Users/Kishor/.m2/repository/org/springframework/boot/spring-boot-starter-jdbc/2.4.6/spring-boot-starter-jdbc-2.4.6-sources.jar","javadocContainerUrl":"file:/C:/Users/Kishor/.m2/repository/org/springframework/boot/spring-boot-starter-jdbc/2.4.6/spring-boot-starter-jdbc-2.4.6-javadoc.jar","isSystem":false,"isOwn":false,"isTest":false,"isJavaContent":false},{"kind":"binary","path":"C:\\Users\\Kishor\\.m2\\repository\\com\\zaxxer\\HikariCP\\3.4.5\\HikariCP-3.4.5.jar","sourceContainerUrl":"file:/C:/Users/Kishor/.m2/repository/com/zaxxer/HikariCP/3.4.5/HikariCP-3.4.5-sources.jar","javadocContainerUrl":"file:/C:/Users/Kishor/.m2/repository/com/zaxxer/HikariCP/3.4.5/HikariCP-3.4.5-javadoc.jar","isSystem":false,"isOwn":false,"isTest":false,"isJavaContent":false},{"kind":"binary","path":"C:\\Users\\Kishor\\.m2\\repository\\org\\springframework\\spring-jdbc\\5.3.7\\spring-jdbc-5.3.7.jar","sourceContainerUrl":"file:/C:/Users/Kishor/.m2/repository/org/springframework/spring-jdbc/5.3.7/spring-jdbc-5.3.7-sources.jar","javadocContainerUrl":"file:/C:/Users/Kishor/.m2/repository/org/springframework/spring-jdbc/5.3.7/spring-jdbc-5.3.7-javadoc.jar","isSystem":false,"isOwn":false,"isTest":false,"isJavaContent":false},{"kind":"binary","path":"C:\\Users\\Kishor\\.m2\\repository\\jakarta\\transaction\\jakarta.transaction-api\\1.3.3\\jakarta.transaction-api-1.3.3.jar","sourceContainerUrl":"file:/C:/Users/Kishor/.m2/repository/jakarta/transaction/jakarta.transaction-api/1.3.3/jakarta.transaction-api-1.3.3-sources.jar","javadocContainerUrl":"file:/C:/Users/Kishor/.m2/repository/jakarta/transaction/jakarta.transaction-api/1.3.3/jakarta.transaction-api-1.3.3-javadoc.jar","isSystem":false,"isOwn":false,"isTest":false,"isJavaContent":false},{"kind":"binary","path":"C:\\Users\\Kishor\\.m2\\repository\\jakarta\\persistence\\jakarta.persistence-api\\2.2.3\\jakarta.persistence-api-2.2.3.jar","sourceContainerUrl":"file:/C:/Users/Kishor/.m2/repository/jakarta/persistence/jakarta.persistence-api/2.2.3/jakarta.persistence-api-2.2.3-sources.jar","javadocContainerUrl":"file:/C:/Users/Kishor/.m2/repository/jakarta/persistence/jakarta.persistence-api/2.2.3/jakarta.persistence-api-2.2.3-javadoc.jar","isSystem":false,"isOwn":false,"isTest":false,"isJavaContent":false},{"kind":"binary","path":"C:\\Users\\Kishor\\.m2\\repository\\org\\hibernate\\hibernate-core\\5.4.31.Final\\hibernate-core-5.4.31.Final.jar","sourceContainerUrl":"file:/C:/Users/Kishor/.m2/repository/org/hibernate/hibernate-core/5.4.31.Final/hibernate-core-5.4.31.Final-sources.jar","javadocContainerUrl":"file:/C:/Users/Kishor/.m2/repository/org/hibernate/hibernate-core/5.4.31.Final/hibernate-core-5.4.31.Final-javadoc.jar","isSystem":false,"isOwn":false,"isTest":false,"isJavaContent":false},{"kind":"binary","path":"C:\\Users\\Kishor\\.m2\\repository\\org\\jboss\\logging\\jboss-logging\\3.4.1.Final\\jboss-logging-3.4.1.Final.jar","sourceContainerUrl":"file:/C:/Users/Kishor/.m2/repository/org/jboss/logging/jboss-logging/3.4.1.Final/jboss-logging-3.4.1.Final-sources.jar","javadocContainerUrl":"file:/C:/Users/Kishor/.m2/repository/org/jboss/logging/jboss-logging/3.4.1.Final/jboss-logging-3.4.1.Final-javadoc.jar","isSystem":false,"isOwn":false,"isTest":false,"isJavaContent":false},{"kind":"binary","path":"C:\\Users\\Kishor\\.m2\\repository\\org\\javassist\\javassist\\3.27.0-GA\\javassist-3.27.0-GA.jar","sourceContainerUrl":"file:/C:/Users/Kishor/.m2/repository/org/javassist/javassist/3.27.0-GA/javassist-3.27.0-GA-sources.jar","javadocContainerUrl":"file:/C:/Users/Kishor/.m2/repository/org/javassist/javassist/3.27.0-GA/javassist-3.27.0-GA-javadoc.jar","isSystem":false,"isOwn":false,"isTest":false,"isJavaContent":false},{"kind":"binary","path":"C:\\Users\\Kishor\\.m2\\repository\\net\\bytebuddy\\byte-buddy\\1.10.22\\byte-buddy-1.10.22.jar","sourceContainerUrl":"file:/C:/Users/Kishor/.m2/repository/net/bytebuddy/byte-buddy/1.10.22/byte-buddy-1.10.22-sources.jar","javadocContainerUrl":"file:/C:/Users/Kishor/.m2/repository/net/bytebuddy/byte-buddy/1.10.22/byte-buddy-1.10.22-javadoc.jar","isSystem":false,"isOwn":false,"isTest":false,"isJavaContent":false},{"kind":"binary","path":"C:\\Users\\Kishor\\.m2\\repository\\antlr\\antlr\\2.7.7\\antlr-2.7.7.jar","isSystem":false,"isOwn":false,"isTest":false,"isJavaContent":false},{"kind":"binary","path":"C:\\Users\\Kishor\\.m2\\repository\\org\\jboss\\jandex\\2.2.3.Final\\jandex-2.2.3.Final.jar","sourceContainerUrl":"file:/C:/Users/Kishor/.m2/repository/org/jboss/jandex/2.2.3.Final/jandex-2.2.3.Final-sources.jar","isSystem":false,"isOwn":false,"isTest":false,"isJavaContent":false},{"kind":"binary","path":"C:\\Users\\Kishor\\.m2\\repository\\com\\fasterxml\\classmate\\1.5.1\\classmate-1.5.1.jar","sourceContainerUrl":"file:/C:/Users/Kishor/.m2/repository/com/fasterxml/classmate/1.5.1/classmate-1.5.1-sources.jar","javadocContainerUrl":"file:/C:/Users/Kishor/.m2/repository/com/fasterxml/classmate/1.5.1/classmate-1.5.1-javadoc.jar","isSystem":false,"isOwn":false,"isTest":false,"isJavaContent":false},{"kind":"binary","path":"C:\\Users\\Kishor\\.m2\\repository\\org\\dom4j\\dom4j\\2.1.3\\dom4j-2.1.3.jar","sourceContainerUrl":"file:/C:/Users/Kishor/.m2/repository/org/dom4j/dom4j/2.1.3/dom4j-2.1.3-sources.jar","javadocContainerUrl":"file:/C:/Users/Kishor/.m2/repository/org/dom4j/dom4j/2.1.3/dom4j-2.1.3-javadoc.jar","isSystem":false,"isOwn":false,"isTest":false,"isJavaContent":false},{"kind":"binary","path":"C:\\Users\\Kishor\\.m2\\repository\\org\\hibernate\\common\\hibernate-commons-annotations\\5.1.2.Final\\hibernate-commons-annotations-5.1.2.Final.jar","sourceContainerUrl":"file:/C:/Users/Kishor/.m2/repository/org/hibernate/common/hibernate-commons-annotations/5.1.2.Final/hibernate-commons-annotations-5.1.2.Final-sources.jar","isSystem":false,"isOwn":false,"isTest":false,"isJavaContent":false},{"kind":"binary","path":"C:\\Users\\Kishor\\.m2\\repository\\org\\glassfish\\jaxb\\jaxb-runtime\\2.3.4\\jaxb-runtime-2.3.4.jar","sourceContainerUrl":"file:/C:/Users/Kishor/.m2/repository/org/glassfish/jaxb/jaxb-runtime/2.3.4/jaxb-runtime-2.3.4-sources.jar","javadocContainerUrl":"file:/C:/Users/Kishor/.m2/repository/org/glassfish/jaxb/jaxb-runtime/2.3.4/jaxb-runtime-2.3.4-javadoc.jar","isSystem":false,"isOwn":false,"isTest":false,"isJavaContent":false},{"kind":"binary","path":"C:\\Users\\Kishor\\.m2\\repository\\org\\glassfish\\jaxb\\txw2\\2.3.4\\txw2-2.3.4.jar","sourceContainerUrl":"file:/C:/Users/Kishor/.m2/repository/org/glassfish/jaxb/txw2/2.3.4/txw2-2.3.4-sources.jar","javadocContainerUrl":"file:/C:/Users/Kishor/.m2/repository/org/glassfish/jaxb/txw2/2.3.4/txw2-2.3.4-javadoc.jar","isSystem":false,"isOwn":false,"isTest":false,"isJavaContent":false},{"kind":"binary","path":"C:\\Users\\Kishor\\.m2\\repository\\com\\sun\\istack\\istack-commons-runtime\\3.0.12\\istack-commons-runtime-3.0.12.jar","sourceContainerUrl":"file:/C:/Users/Kishor/.m2/repository/com/sun/istack/istack-commons-runtime/3.0.12/istack-commons-runtime-3.0.12-sources.jar","javadocContainerUrl":"file:/C:/Users/Kishor/.m2/repository/com/sun/istack/istack-commons-runtime/3.0.12/istack-commons-runtime-3.0.12-javadoc.jar","isSystem":false,"isOwn":false,"isTest":false,"isJavaContent":false},{"kind":"binary","path":"C:\\Users\\Kishor\\.m2\\repository\\com\\sun\\activation\\jakarta.activation\\1.2.2\\jakarta.activation-1.2.2.jar","sourceContainerUrl":"file:/C:/Users/Kishor/.m2/repository/com/sun/activation/jakarta.activation/1.2.2/jakarta.activation-1.2.2-sources.jar","javadocContainerUrl":"file:/C:/Users/Kishor/.m2/repository/com/sun/activation/jakarta.activation/1.2.2/jakarta.activation-1.2.2-javadoc.jar","isSystem":false,"isOwn":false,"isTest":false,"isJavaContent":false},{"kind":"binary","path":"C:\\Users\\Kishor\\.m2\\repository\\org\\springframework\\data\\spring-data-jpa\\2.4.9\\spring-data-jpa-2.4.9.jar","sourceContainerUrl":"file:/C:/Users/Kishor/.m2/repository/org/springframework/data/spring-data-jpa/2.4.9/spring-data-jpa-2.4.9-sources.jar","javadocContainerUrl":"file:/C:/Users/Kishor/.m2/repository/org/springframework/data/spring-data-jpa/2.4.9/spring-data-jpa-2.4.9-javadoc.jar","isSystem":false,"isOwn":false,"isTest":false,"isJavaContent":false},{"kind":"binary","path":"C:\\Users\\Kishor\\.m2\\repository\\org\\springframework\\data\\spring-data-commons\\2.4.9\\spring-data-commons-2.4.9.jar","sourceContainerUrl":"file:/C:/Users/Kishor/.m2/repository/org/springframework/data/spring-data-commons/2.4.9/spring-data-commons-2.4.9-sources.jar","javadocContainerUrl":"file:/C:/Users/Kishor/.m2/repository/org/springframework/data/spring-data-commons/2.4.9/spring-data-commons-2.4.9-javadoc.jar","isSystem":false,"isOwn":false,"isTest":false,"isJavaContent":false},{"kind":"binary","path":"C:\\Users\\Kishor\\.m2\\repository\\org\\springframework\\spring-orm\\5.3.7\\spring-orm-5.3.7.jar","sourceContainerUrl":"file:/C:/Users/Kishor/.m2/repository/org/springframework/spring-orm/5.3.7/spring-orm-5.3.7-sources.jar","javadocContainerUrl":"file:/C:/Users/Kishor/.m2/repository/org/springframework/spring-orm/5.3.7/spring-orm-5.3.7-javadoc.jar","isSystem":false,"isOwn":false,"isTest":false,"isJavaContent":false},{"kind":"binary","path":"C:\\Users\\Kishor\\.m2\\repository\\org\\springframework\\spring-context\\5.3.7\\spring-context-5.3.7.jar","sourceContainerUrl":"file:/C:/Users/Kishor/.m2/repository/org/springframework/spring-context/5.3.7/spring-context-5.3.7-sources.jar","javadocContainerUrl":"file:/C:/Users/Kishor/.m2/repository/org/springframework/spring-context/5.3.7/spring-context-5.3.7-javadoc.jar","isSystem":false,"isOwn":false,"isTest":false,"isJavaContent":false},{"kind":"binary","path":"C:\\Users\\Kishor\\.m2\\repository\\org\\springframework\\spring-tx\\5.3.7\\spring-tx-5.3.7.jar","sourceContainerUrl":"file:/C:/Users/Kishor/.m2/repository/org/springframework/spring-tx/5.3.7/spring-tx-5.3.7-sources.jar","javadocContainerUrl":"file:/C:/Users/Kishor/.m2/repository/org/springframework/spring-tx/5.3.7/spring-tx-5.3.7-javadoc.jar","isSystem":false,"isOwn":false,"isTest":false,"isJavaContent":false},{"kind":"binary","path":"C:\\Users\\Kishor\\.m2\\repository\\org\\springframework\\spring-beans\\5.3.7\\spring-beans-5.3.7.jar","sourceContainerUrl":"file:/C:/Users/Kishor/.m2/repository/org/springframework/spring-beans/5.3.7/spring-beans-5.3.7-sources.jar","javadocContainerUrl":"file:/C:/Users/Kishor/.m2/repository/org/springframework/spring-beans/5.3.7/spring-beans-5.3.7-javadoc.jar","isSystem":false,"isOwn":false,"isTest":false,"isJavaContent":false},{"kind":"binary","path":"C:\\Users\\Kishor\\.m2\\repository\\org\\slf4j\\slf4j-api\\1.7.30\\slf4j-api-1.7.30.jar","sourceContainerUrl":"file:/C:/Users/Kishor/.m2/repository/org/slf4j/slf4j-api/1.7.30/slf4j-api-1.7.30-sources.jar","javadocContainerUrl":"file:/C:/Users/Kishor/.m2/repository/org/slf4j/slf4j-api/1.7.30/slf4j-api-1.7.30-javadoc.jar","isSystem":false,"isOwn":false,"isTest":false,"isJavaContent":false},{"kind":"binary","path":"C:\\Users\\Kishor\\.m2\\repository\\org\\springframework\\spring-aspects\\5.3.7\\spring-aspects-5.3.7.jar","sourceContainerUrl":"file:/C:/Users/Kishor/.m2/repository/org/springframework/spring-aspects/5.3.7/spring-aspects-5.3.7-sources.jar","javadocContainerUrl":"file:/C:/Users/Kishor/.m2/repository/org/springframework/spring-aspects/5.3.7/spring-aspects-5.3.7-javadoc.jar","isSystem":false,"isOwn":false,"isTest":false,"isJavaContent":false},{"kind":"binary","path":"C:\\Users\\Kishor\\.m2\\repository\\org\\springframework\\boot\\spring-boot-starter-web\\2.4.6\\spring-boot-starter-web-2.4.6.jar","sourceContainerUrl":"file:/C:/Users/Kishor/.m2/repository/org/springframework/boot/spring-boot-starter-web/2.4.6/spring-boot-starter-web-2.4.6-sources.jar","javadocContainerUrl":"file:/C:/Users/Kishor/.m2/repository/org/springframework/boot/spring-boot-starter-web/2.4.6/spring-boot-starter-web-2.4.6-javadoc.jar","isSystem":false,"isOwn":false,"isTest":false,"isJavaContent":false},{"kind":"binary","path":"C:\\Users\\Kishor\\.m2\\repository\\org\\springframework\\boot\\spring-boot-starter\\2.4.6\\spring-boot-starter-2.4.6.jar","sourceContainerUrl":"file:/C:/Users/Kishor/.m2/repository/org/springframework/boot/spring-boot-starter/2.4.6/spring-boot-starter-2.4.6-sources.jar","javadocContainerUrl":"file:/C:/Users/Kishor/.m2/repository/org/springframework/boot/spring-boot-starter/2.4.6/spring-boot-starter-2.4.6-javadoc.jar","isSystem":false,"isOwn":false,"isTest":false,"isJavaContent":false},{"kind":"binary","path":"C:\\Users\\Kishor\\.m2\\repository\\org\\springframework\\boot\\spring-boot-starter-logging\\2.4.6\\spring-boot-starter-logging-2.4.6.jar","sourceContainerUrl":"file:/C:/Users/Kishor/.m2/repository/org/springframework/boot/spring-boot-starter-logging/2.4.6/spring-boot-starter-logging-2.4.6-sources.jar","javadocContainerUrl":"file:/C:/Users/Kishor/.m2/repository/org/springframework/boot/spring-boot-starter-logging/2.4.6/spring-boot-starter-logging-2.4.6-javadoc.jar","isSystem":false,"isOwn":false,"isTest":false,"isJavaContent":false},{"kind":"binary","path":"C:\\Users\\Kishor\\.m2\\repository\\ch\\qos\\logback\\logback-classic\\1.2.3\\logback-classic-1.2.3.jar","sourceContainerUrl":"file:/C:/Users/Kishor/.m2/repository/ch/qos/logback/logback-classic/1.2.3/logback-classic-1.2.3-sources.jar","javadocContainerUrl":"file:/C:/Users/Kishor/.m2/repository/ch/qos/logback/logback-classic/1.2.3/logback-classic-1.2.3-javadoc.jar","isSystem":false,"isOwn":false,"isTest":false,"isJavaContent":false},{"kind":"binary","path":"C:\\Users\\Kishor\\.m2\\repository\\ch\\qos\\logback\\logback-core\\1.2.3\\logback-core-1.2.3.jar","sourceContainerUrl":"file:/C:/Users/Kishor/.m2/repository/ch/qos/logback/logback-core/1.2.3/logback-core-1.2.3-sources.jar","javadocContainerUrl":"file:/C:/Users/Kishor/.m2/repository/ch/qos/logback/logback-core/1.2.3/logback-core-1.2.3-javadoc.jar","isSystem":false,"isOwn":false,"isTest":false,"isJavaContent":false},{"kind":"binary","path":"C:\\Users\\Kishor\\.m2\\repository\\org\\apache\\logging\\log4j\\log4j-to-slf4j\\2.13.3\\log4j-to-slf4j-2.13.3.jar","sourceContainerUrl":"file:/C:/Users/Kishor/.m2/repository/org/apache/logging/log4j/log4j-to-slf4j/2.13.3/log4j-to-slf4j-2.13.3-sources.jar","javadocContainerUrl":"file:/C:/Users/Kishor/.m2/repository/org/apache/logging/log4j/log4j-to-slf4j/2.13.3/log4j-to-slf4j-2.13.3-javadoc.jar","isSystem":false,"isOwn":false,"isTest":false,"isJavaContent":false},{"kind":"binary","path":"C:\\Users\\Kishor\\.m2\\repository\\org\\apache\\logging\\log4j\\log4j-api\\2.13.3\\log4j-api-2.13.3.jar","sourceContainerUrl":"file:/C:/Users/Kishor/.m2/repository/org/apache/logging/log4j/log4j-api/2.13.3/log4j-api-2.13.3-sources.jar","javadocContainerUrl":"file:/C:/Users/Kishor/.m2/repository/org/apache/logging/log4j/log4j-api/2.13.3/log4j-api-2.13.3-javadoc.jar","isSystem":false,"isOwn":false,"isTest":false,"isJavaContent":false},{"kind":"binary","path":"C:\\Users\\Kishor\\.m2\\repository\\org\\slf4j\\jul-to-slf4j\\1.7.30\\jul-to-slf4j-1.7.30.jar","sourceContainerUrl":"file:/C:/Users/Kishor/.m2/repository/org/slf4j/jul-to-slf4j/1.7.30/jul-to-slf4j-1.7.30-sources.jar","javadocContainerUrl":"file:/C:/Users/Kishor/.m2/repository/org/slf4j/jul-to-slf4j/1.7.30/jul-to-slf4j-1.7.30-javadoc.jar","isSystem":false,"isOwn":false,"isTest":false,"isJavaContent":false},{"kind":"binary","path":"C:\\Users\\Kishor\\.m2\\repository\\jakarta\\annotation\\jakarta.annotation-api\\1.3.5\\jakarta.annotation-api-1.3.5.jar","sourceContainerUrl":"file:/C:/Users/Kishor/.m2/repository/jakarta/annotation/jakarta.annotation-api/1.3.5/jakarta.annotation-api-1.3.5-sources.jar","javadocContainerUrl":"file:/C:/Users/Kishor/.m2/repository/jakarta/annotation/jakarta.annotation-api/1.3.5/jakarta.annotation-api-1.3.5-javadoc.jar","isSystem":false,"isOwn":false,"isTest":false,"isJavaContent":false},{"kind":"binary","path":"C:\\Users\\Kishor\\.m2\\repository\\org\\yaml\\snakeyaml\\1.27\\snakeyaml-1.27.jar","sourceContainerUrl":"file:/C:/Users/Kishor/.m2/repository/org/yaml/snakeyaml/1.27/snakeyaml-1.27-sources.jar","javadocContainerUrl":"file:/C:/Users/Kishor/.m2/repository/org/yaml/snakeyaml/1.27/snakeyaml-1.27-javadoc.jar","isSystem":false,"isOwn":false,"isTest":false,"isJavaContent":false},{"kind":"binary","path":"C:\\Users\\Kishor\\.m2\\repository\\org\\springframework\\boot\\spring-boot-starter-json\\2.4.6\\spring-boot-starter-json-2.4.6.jar","sourceContainerUrl":"file:/C:/Users/Kishor/.m2/repository/org/springframework/boot/spring-boot-starter-json/2.4.6/spring-boot-starter-json-2.4.6-sources.jar","javadocContainerUrl":"file:/C:/Users/Kishor/.m2/repository/org/springframework/boot/spring-boot-starter-json/2.4.6/spring-boot-starter-json-2.4.6-javadoc.jar","isSystem":false,"isOwn":false,"isTest":false,"isJavaContent":false},{"kind":"binary","path":"C:\\Users\\Kishor\\.m2\\repository\\com\\fasterxml\\jackson\\core\\jackson-databind\\2.11.4\\jackson-databind-2.11.4.jar","sourceContainerUrl":"file:/C:/Users/Kishor/.m2/repository/com/fasterxml/jackson/core/jackson-databind/2.11.4/jackson-databind-2.11.4-sources.jar","javadocContainerUrl":"file:/C:/Users/Kishor/.m2/repository/com/fasterxml/jackson/core/jackson-databind/2.11.4/jackson-databind-2.11.4-javadoc.jar","isSystem":false,"isOwn":false,"isTest":false,"isJavaContent":false},{"kind":"binary","path":"C:\\Users\\Kishor\\.m2\\repository\\com\\fasterxml\\jackson\\datatype\\jackson-datatype-jdk8\\2.11.4\\jackson-datatype-jdk8-2.11.4.jar","sourceContainerUrl":"file:/C:/Users/Kishor/.m2/repository/com/fasterxml/jackson/datatype/jackson-datatype-jdk8/2.11.4/jackson-datatype-jdk8-2.11.4-sources.jar","javadocContainerUrl":"file:/C:/Users/Kishor/.m2/repository/com/fasterxml/jackson/datatype/jackson-datatype-jdk8/2.11.4/jackson-datatype-jdk8-2.11.4-javadoc.jar","isSystem":false,"isOwn":false,"isTest":false,"isJavaContent":false},{"kind":"binary","path":"C:\\Users\\Kishor\\.m2\\repository\\com\\fasterxml\\jackson\\datatype\\jackson-datatype-jsr310\\2.11.4\\jackson-datatype-jsr310-2.11.4.jar","sourceContainerUrl":"file:/C:/Users/Kishor/.m2/repository/com/fasterxml/jackson/datatype/jackson-datatype-jsr310/2.11.4/jackson-datatype-jsr310-2.11.4-sources.jar","javadocContainerUrl":"file:/C:/Users/Kishor/.m2/repository/com/fasterxml/jackson/datatype/jackson-datatype-jsr310/2.11.4/jackson-datatype-jsr310-2.11.4-javadoc.jar","isSystem":false,"isOwn":false,"isTest":false,"isJavaContent":false},{"kind":"binary","path":"C:\\Users\\Kishor\\.m2\\repository\\com\\fasterxml\\jackson\\module\\jackson-module-parameter-names\\2.11.4\\jackson-module-parameter-names-2.11.4.jar","sourceContainerUrl":"file:/C:/Users/Kishor/.m2/repository/com/fasterxml/jackson/module/jackson-module-parameter-names/2.11.4/jackson-module-parameter-names-2.11.4-sources.jar","javadocContainerUrl":"file:/C:/Users/Kishor/.m2/repository/com/fasterxml/jackson/module/jackson-module-parameter-names/2.11.4/jackson-module-parameter-names-2.11.4-javadoc.jar","isSystem":false,"isOwn":false,"isTest":false,"isJavaContent":false},{"kind":"binary","path":"C:\\Users\\Kishor\\.m2\\repository\\org\\springframework\\boot\\spring-boot-starter-tomcat\\2.4.6\\spring-boot-starter-tomcat-2.4.6.jar","sourceContainerUrl":"file:/C:/Users/Kishor/.m2/repository/org/springframework/boot/spring-boot-starter-tomcat/2.4.6/spring-boot-starter-tomcat-2.4.6-sources.jar","javadocContainerUrl":"file:/C:/Users/Kishor/.m2/repository/org/springframework/boot/spring-boot-starter-tomcat/2.4.6/spring-boot-starter-tomcat-2.4.6-javadoc.jar","isSystem":false,"isOwn":false,"isTest":false,"isJavaContent":false},{"kind":"binary","path":"C:\\Users\\Kishor\\.m2\\repository\\org\\apache\\tomcat\\embed\\tomcat-embed-core\\9.0.46\\tomcat-embed-core-9.0.46.jar","sourceContainerUrl":"file:/C:/Users/Kishor/.m2/repository/org/apache/tomcat/embed/tomcat-embed-core/9.0.46/tomcat-embed-core-9.0.46-sources.jar","isSystem":false,"isOwn":false,"isTest":false,"isJavaContent":false},{"kind":"binary","path":"C:\\Users\\Kishor\\.m2\\repository\\org\\glassfish\\jakarta.el\\3.0.3\\jakarta.el-3.0.3.jar","sourceContainerUrl":"file:/C:/Users/Kishor/.m2/repository/org/glassfish/jakarta.el/3.0.3/jakarta.el-3.0.3-sources.jar","javadocContainerUrl":"file:/C:/Users/Kishor/.m2/repository/org/glassfish/jakarta.el/3.0.3/jakarta.el-3.0.3-javadoc.jar","isSystem":false,"isOwn":false,"isTest":false,"isJavaContent":false},{"kind":"binary","path":"C:\\Users\\Kishor\\.m2\\repository\\org\\apache\\tomcat\\embed\\tomcat-embed-websocket\\9.0.46\\tomcat-embed-websocket-9.0.46.jar","sourceContainerUrl":"file:/C:/Users/Kishor/.m2/repository/org/apache/tomcat/embed/tomcat-embed-websocket/9.0.46/tomcat-embed-websocket-9.0.46-sources.jar","isSystem":false,"isOwn":false,"isTest":false,"isJavaContent":false},{"kind":"binary","path":"C:\\Users\\Kishor\\.m2\\repository\\org\\springframework\\spring-web\\5.3.7\\spring-web-5.3.7.jar","sourceContainerUrl":"file:/C:/Users/Kishor/.m2/repository/org/springframework/spring-web/5.3.7/spring-web-5.3.7-sources.jar","javadocContainerUrl":"file:/C:/Users/Kishor/.m2/repository/org/springframework/spring-web/5.3.7/spring-web-5.3.7-javadoc.jar","isSystem":false,"isOwn":false,"isTest":false,"isJavaContent":false},{"kind":"binary","path":"C:\\Users\\Kishor\\.m2\\repository\\org\\springframework\\spring-webmvc\\5.3.7\\spring-webmvc-5.3.7.jar","sourceContainerUrl":"file:/C:/Users/Kishor/.m2/repository/org/springframework/spring-webmvc/5.3.7/spring-webmvc-5.3.7-sources.jar","javadocContainerUrl":"file:/C:/Users/Kishor/.m2/repository/org/springframework/spring-webmvc/5.3.7/spring-webmvc-5.3.7-javadoc.jar","isSystem":false,"isOwn":false,"isTest":false,"isJavaContent":false},{"kind":"binary","path":"C:\\Users\\Kishor\\.m2\\repository\\org\\springframework\\spring-expression\\5.3.7\\spring-expression-5.3.7.jar","sourceContainerUrl":"file:/C:/Users/Kishor/.m2/repository/org/springframework/spring-expression/5.3.7/spring-expression-5.3.7-sources.jar","javadocContainerUrl":"file:/C:/Users/Kishor/.m2/repository/org/springframework/spring-expression/5.3.7/spring-expression-5.3.7-javadoc.jar","isSystem":false,"isOwn":false,"isTest":false,"isJavaContent":false},{"kind":"binary","path":"C:\\Users\\Kishor\\.m2\\repository\\org\\springframework\\cloud\\spring-cloud-starter-openfeign\\3.0.2\\spring-cloud-starter-openfeign-3.0.2.jar","isSystem":false,"isOwn":false,"isTest":false,"isJavaContent":false},{"kind":"binary","path":"C:\\Users\\Kishor\\.m2\\repository\\org\\springframework\\cloud\\spring-cloud-starter\\3.0.2\\spring-cloud-starter-3.0.2.jar","javadocContainerUrl":"file:/C:/Users/Kishor/.m2/repository/org/springframework/cloud/spring-cloud-starter/3.0.2/spring-cloud-starter-3.0.2-javadoc.jar","isSystem":false,"isOwn":false,"isTest":false,"isJavaContent":false},{"kind":"binary","path":"C:\\Users\\Kishor\\.m2\\repository\\org\\springframework\\cloud\\spring-cloud-context\\3.0.2\\spring-cloud-context-3.0.2.jar","sourceContainerUrl":"file:/C:/Users/Kishor/.m2/repository/org/springframework/cloud/spring-cloud-context/3.0.2/spring-cloud-context-3.0.2-sources.jar","javadocContainerUrl":"file:/C:/Users/Kishor/.m2/repository/org/springframework/cloud/spring-cloud-context/3.0.2/spring-cloud-context-3.0.2-javadoc.jar","isSystem":false,"isOwn":false,"isTest":false,"isJavaContent":false},{"kind":"binary","path":"C:\\Users\\Kishor\\.m2\\repository\\org\\springframework\\security\\spring-security-rsa\\1.0.9.RELEASE\\spring-security-rsa-1.0.9.RELEASE.jar","sourceContainerUrl":"file:/C:/Users/Kishor/.m2/repository/org/springframework/security/spring-security-rsa/1.0.9.RELEASE/spring-security-rsa-1.0.9.RELEASE-sources.jar","javadocContainerUrl":"file:/C:/Users/Kishor/.m2/repository/org/springframework/security/spring-security-rsa/1.0.9.RELEASE/spring-security-rsa-1.0.9.RELEASE-javadoc.jar","isSystem":false,"isOwn":false,"isTest":false,"isJavaContent":false},{"kind":"binary","path":"C:\\Users\\Kishor\\.m2\\repository\\org\\bouncycastle\\bcpkix-jdk15on\\1.64\\bcpkix-jdk15on-1.64.jar","sourceContainerUrl":"file:/C:/Users/Kishor/.m2/repository/org/bouncycastle/bcpkix-jdk15on/1.64/bcpkix-jdk15on-1.64-sources.jar","javadocContainerUrl":"file:/C:/Users/Kishor/.m2/repository/org/bouncycastle/bcpkix-jdk15on/1.64/bcpkix-jdk15on-1.64-javadoc.jar","isSystem":false,"isOwn":false,"isTest":false,"isJavaContent":false},{"kind":"binary","path":"C:\\Users\\Kishor\\.m2\\repository\\org\\bouncycastle\\bcprov-jdk15on\\1.64\\bcprov-jdk15on-1.64.jar","sourceContainerUrl":"file:/C:/Users/Kishor/.m2/repository/org/bouncycastle/bcprov-jdk15on/1.64/bcprov-jdk15on-1.64-sources.jar","javadocContainerUrl":"file:/C:/Users/Kishor/.m2/repository/org/bouncycastle/bcprov-jdk15on/1.64/bcprov-jdk15on-1.64-javadoc.jar","isSystem":false,"isOwn":false,"isTest":false,"isJavaContent":false},{"kind":"binary","path":"C:\\Users\\Kishor\\.m2\\repository\\org\\springframework\\cloud\\spring-cloud-openfeign-core\\3.0.2\\spring-cloud-openfeign-core-3.0.2.jar","sourceContainerUrl":"file:/C:/Users/Kishor/.m2/repository/org/springframework/cloud/spring-cloud-openfeign-core/3.0.2/spring-cloud-openfeign-core-3.0.2-sources.jar","javadocContainerUrl":"file:/C:/Users/Kishor/.m2/repository/org/springframework/cloud/spring-cloud-openfeign-core/3.0.2/spring-cloud-openfeign-core-3.0.2-javadoc.jar","isSystem":false,"isOwn":false,"isTest":false,"isJavaContent":false},{"kind":"binary","path":"C:\\Users\\Kishor\\.m2\\repository\\io\\github\\openfeign\\form\\feign-form-spring\\3.8.0\\feign-form-spring-3.8.0.jar","sourceContainerUrl":"file:/C:/Users/Kishor/.m2/repository/io/github/openfeign/form/feign-form-spring/3.8.0/feign-form-spring-3.8.0-sources.jar","javadocContainerUrl":"file:/C:/Users/Kishor/.m2/repository/io/github/openfeign/form/feign-form-spring/3.8.0/feign-form-spring-3.8.0-javadoc.jar","isSystem":false,"isOwn":false,"isTest":false,"isJavaContent":false},{"kind":"binary","path":"C:\\Users\\Kishor\\.m2\\repository\\io\\github\\openfeign\\form\\feign-form\\3.8.0\\feign-form-3.8.0.jar","sourceContainerUrl":"file:/C:/Users/Kishor/.m2/repository/io/github/openfeign/form/feign-form/3.8.0/feign-form-3.8.0-sources.jar","javadocContainerUrl":"file:/C:/Users/Kishor/.m2/repository/io/github/openfeign/form/feign-form/3.8.0/feign-form-3.8.0-javadoc.jar","isSystem":false,"isOwn":false,"isTest":false,"isJavaContent":false},{"kind":"binary","path":"C:\\Users\\Kishor\\.m2\\repository\\commons-fileupload\\commons-fileupload\\1.4\\commons-fileupload-1.4.jar","sourceContainerUrl":"file:/C:/Users/Kishor/.m2/repository/commons-fileupload/commons-fileupload/1.4/commons-fileupload-1.4-sources.jar","javadocContainerUrl":"file:/C:/Users/Kishor/.m2/repository/commons-fileupload/commons-fileupload/1.4/commons-fileupload-1.4-javadoc.jar","isSystem":false,"isOwn":false,"isTest":false,"isJavaContent":false},{"kind":"binary","path":"C:\\Users\\Kishor\\.m2\\repository\\commons-io\\commons-io\\2.2\\commons-io-2.2.jar","sourceContainerUrl":"file:/C:/Users/Kishor/.m2/repository/commons-io/commons-io/2.2/commons-io-2.2-sources.jar","javadocContainerUrl":"file:/C:/Users/Kishor/.m2/repository/commons-io/commons-io/2.2/commons-io-2.2-javadoc.jar","isSystem":false,"isOwn":false,"isTest":false,"isJavaContent":false},{"kind":"binary","path":"C:\\Users\\Kishor\\.m2\\repository\\org\\springframework\\cloud\\spring-cloud-commons\\3.0.2\\spring-cloud-commons-3.0.2.jar","sourceContainerUrl":"file:/C:/Users/Kishor/.m2/repository/org/springframework/cloud/spring-cloud-commons/3.0.2/spring-cloud-commons-3.0.2-sources.jar","javadocContainerUrl":"file:/C:/Users/Kishor/.m2/repository/org/springframework/cloud/spring-cloud-commons/3.0.2/spring-cloud-commons-3.0.2-javadoc.jar","isSystem":false,"isOwn":false,"isTest":false,"isJavaContent":false},{"kind":"binary","path":"C:\\Users\\Kishor\\.m2\\repository\\org\\springframework\\security\\spring-security-crypto\\5.4.6\\spring-security-crypto-5.4.6.jar","sourceContainerUrl":"file:/C:/Users/Kishor/.m2/repository/org/springframework/security/spring-security-crypto/5.4.6/spring-security-crypto-5.4.6-sources.jar","javadocContainerUrl":"file:/C:/Users/Kishor/.m2/repository/org/springframework/security/spring-security-crypto/5.4.6/spring-security-crypto-5.4.6-javadoc.jar","isSystem":false,"isOwn":false,"isTest":false,"isJavaContent":false},{"kind":"binary","path":"C:\\Users\\Kishor\\.m2\\repository\\io\\github\\openfeign\\feign-core\\10.10.1\\feign-core-10.10.1.jar","sourceContainerUrl":"file:/C:/Users/Kishor/.m2/repository/io/github/openfeign/feign-core/10.10.1/feign-core-10.10.1-sources.jar","javadocContainerUrl":"file:/C:/Users/Kishor/.m2/repository/io/github/openfeign/feign-core/10.10.1/feign-core-10.10.1-javadoc.jar","isSystem":false,"isOwn":false,"isTest":false,"isJavaContent":false},{"kind":"binary","path":"C:\\Users\\Kishor\\.m2\\repository\\io\\github\\openfeign\\feign-slf4j\\10.10.1\\feign-slf4j-10.10.1.jar","sourceContainerUrl":"file:/C:/Users/Kishor/.m2/repository/io/github/openfeign/feign-slf4j/10.10.1/feign-slf4j-10.10.1-sources.jar","javadocContainerUrl":"file:/C:/Users/Kishor/.m2/repository/io/github/openfeign/feign-slf4j/10.10.1/feign-slf4j-10.10.1-javadoc.jar","isSystem":false,"isOwn":false,"isTest":false,"isJavaContent":false},{"kind":"binary","path":"C:\\Users\\Kishor\\.m2\\repository\\org\\springframework\\cloud\\spring-cloud-starter-netflix-eureka-client\\3.0.2\\spring-cloud-starter-netflix-eureka-client-3.0.2.jar","isSystem":false,"isOwn":false,"isTest":false,"isJavaContent":false},{"kind":"binary","path":"C:\\Users\\Kishor\\.m2\\repository\\org\\springframework\\cloud\\spring-cloud-netflix-eureka-client\\3.0.2\\spring-cloud-netflix-eureka-client-3.0.2.jar","sourceContainerUrl":"file:/C:/Users/Kishor/.m2/repository/org/springframework/cloud/spring-cloud-netflix-eureka-client/3.0.2/spring-cloud-netflix-eureka-client-3.0.2-sources.jar","javadocContainerUrl":"file:/C:/Users/Kishor/.m2/repository/org/springframework/cloud/spring-cloud-netflix-eureka-client/3.0.2/spring-cloud-netflix-eureka-client-3.0.2-javadoc.jar","isSystem":false,"isOwn":false,"isTest":false,"isJavaContent":false},{"kind":"binary","path":"C:\\Users\\Kishor\\.m2\\repository\\com\\netflix\\eureka\\eureka-client\\1.10.11\\eureka-client-1.10.11.jar","sourceContainerUrl":"file:/C:/Users/Kishor/.m2/repository/com/netflix/eureka/eureka-client/1.10.11/eureka-client-1.10.11-sources.jar","javadocContainerUrl":"file:/C:/Users/Kishor/.m2/repository/com/netflix/eureka/eureka-client/1.10.11/eureka-client-1.10.11-javadoc.jar","isSystem":false,"isOwn":false,"isTest":false,"isJavaContent":false},{"kind":"binary","path":"C:\\Users\\Kishor\\.m2\\repository\\com\\netflix\\netflix-commons\\netflix-eventbus\\0.3.0\\netflix-eventbus-0.3.0.jar","sourceContainerUrl":"file:/C:/Users/Kishor/.m2/repository/com/netflix/netflix-commons/netflix-eventbus/0.3.0/netflix-eventbus-0.3.0-sources.jar","javadocContainerUrl":"file:/C:/Users/Kishor/.m2/repository/com/netflix/netflix-commons/netflix-eventbus/0.3.0/netflix-eventbus-0.3.0-javadoc.jar","isSystem":false,"isOwn":false,"isTest":false,"isJavaContent":false},{"kind":"binary","path":"C:\\Users\\Kishor\\.m2\\repository\\com\\netflix\\netflix-commons\\netflix-infix\\0.3.0\\netflix-infix-0.3.0.jar","sourceContainerUrl":"file:/C:/Users/Kishor/.m2/repository/com/netflix/netflix-commons/netflix-infix/0.3.0/netflix-infix-0.3.0-sources.jar","javadocContainerUrl":"file:/C:/Users/Kishor/.m2/repository/com/netflix/netflix-commons/netflix-infix/0.3.0/netflix-infix-0.3.0-javadoc.jar","isSystem":false,"isOwn":false,"isTest":false,"isJavaContent":false},{"kind":"binary","path":"C:\\Users\\Kishor\\.m2\\repository\\commons-jxpath\\commons-jxpath\\1.3\\commons-jxpath-1.3.jar","sourceContainerUrl":"file:/C:/Users/Kishor/.m2/repository/commons-jxpath/commons-jxpath/1.3/commons-jxpath-1.3-sources.jar","javadocContainerUrl":"file:/C:/Users/Kishor/.m2/repository/commons-jxpath/commons-jxpath/1.3/commons-jxpath-1.3-javadoc.jar","isSystem":false,"isOwn":false,"isTest":false,"isJavaContent":false},{"kind":"binary","path":"C:\\Users\\Kishor\\.m2\\repository\\joda-time\\joda-time\\2.3\\joda-time-2.3.jar","sourceContainerUrl":"file:/C:/Users/Kishor/.m2/repository/joda-time/joda-time/2.3/joda-time-2.3-sources.jar","javadocContainerUrl":"file:/C:/Users/Kishor/.m2/repository/joda-time/joda-time/2.3/joda-time-2.3-javadoc.jar","isSystem":false,"isOwn":false,"isTest":false,"isJavaContent":false},{"kind":"binary","path":"C:\\Users\\Kishor\\.m2\\repository\\org\\antlr\\antlr-runtime\\3.4\\antlr-runtime-3.4.jar","sourceContainerUrl":"file:/C:/Users/Kishor/.m2/repository/org/antlr/antlr-runtime/3.4/antlr-runtime-3.4-sources.jar","javadocContainerUrl":"file:/C:/Users/Kishor/.m2/repository/org/antlr/antlr-runtime/3.4/antlr-runtime-3.4-javadoc.jar","isSystem":false,"isOwn":false,"isTest":false,"isJavaContent":false},{"kind":"binary","path":"C:\\Users\\Kishor\\.m2\\repository\\org\\antlr\\stringtemplate\\3.2.1\\stringtemplate-3.2.1.jar","sourceContainerUrl":"file:/C:/Users/Kishor/.m2/repository/org/antlr/stringtemplate/3.2.1/stringtemplate-3.2.1-sources.jar","isSystem":false,"isOwn":false,"isTest":false,"isJavaContent":false},{"kind":"binary","path":"C:\\Users\\Kishor\\.m2\\repository\\com\\google\\code\\gson\\gson\\2.8.6\\gson-2.8.6.jar","sourceContainerUrl":"file:/C:/Users/Kishor/.m2/repository/com/google/code/gson/gson/2.8.6/gson-2.8.6-sources.jar","javadocContainerUrl":"file:/C:/Users/Kishor/.m2/repository/com/google/code/gson/gson/2.8.6/gson-2.8.6-javadoc.jar","isSystem":false,"isOwn":false,"isTest":false,"isJavaContent":false},{"kind":"binary","path":"C:\\Users\\Kishor\\.m2\\repository\\org\\apache\\commons\\commons-math\\2.2\\commons-math-2.2.jar","sourceContainerUrl":"file:/C:/Users/Kishor/.m2/repository/org/apache/commons/commons-math/2.2/commons-math-2.2-sources.jar","javadocContainerUrl":"file:/C:/Users/Kishor/.m2/repository/org/apache/commons/commons-math/2.2/commons-math-2.2-javadoc.jar","isSystem":false,"isOwn":false,"isTest":false,"isJavaContent":false},{"kind":"binary","path":"C:\\Users\\Kishor\\.m2\\repository\\com\\thoughtworks\\xstream\\xstream\\1.4.14\\xstream-1.4.14.jar","sourceContainerUrl":"file:/C:/Users/Kishor/.m2/repository/com/thoughtworks/xstream/xstream/1.4.14/xstream-1.4.14-sources.jar","javadocContainerUrl":"file:/C:/Users/Kishor/.m2/repository/com/thoughtworks/xstream/xstream/1.4.14/xstream-1.4.14-javadoc.jar","isSystem":false,"isOwn":false,"isTest":false,"isJavaContent":false},{"kind":"binary","path":"C:\\Users\\Kishor\\.m2\\repository\\xmlpull\\xmlpull\\1.1.3.1\\xmlpull-1.1.3.1.jar","isSystem":false,"isOwn":false,"isTest":false,"isJavaContent":false},{"kind":"binary","path":"C:\\Users\\Kishor\\.m2\\repository\\xpp3\\xpp3_min\\1.1.4c\\xpp3_min-1.1.4c.jar","sourceContainerUrl":"file:/C:/Users/Kishor/.m2/repository/xpp3/xpp3_min/1.1.4c/xpp3_min-1.1.4c-sources.jar","javadocContainerUrl":"file:/C:/Users/Kishor/.m2/repository/xpp3/xpp3_min/1.1.4c/xpp3_min-1.1.4c-javadoc.jar","isSystem":false,"isOwn":false,"isTest":false,"isJavaContent":false},{"kind":"binary","path":"C:\\Users\\Kishor\\.m2\\repository\\javax\\ws\\rs\\jsr311-api\\1.1.1\\jsr311-api-1.1.1.jar","sourceContainerUrl":"file:/C:/Users/Kishor/.m2/repository/javax/ws/rs/jsr311-api/1.1.1/jsr311-api-1.1.1-sources.jar","javadocContainerUrl":"file:/C:/Users/Kishor/.m2/repository/javax/ws/rs/jsr311-api/1.1.1/jsr311-api-1.1.1-javadoc.jar","isSystem":false,"isOwn":false,"isTest":false,"isJavaContent":false},{"kind":"binary","path":"C:\\Users\\Kishor\\.m2\\repository\\com\\netflix\\servo\\servo-core\\0.12.21\\servo-core-0.12.21.jar","sourceContainerUrl":"file:/C:/Users/Kishor/.m2/repository/com/netflix/servo/servo-core/0.12.21/servo-core-0.12.21-sources.jar","javadocContainerUrl":"file:/C:/Users/Kishor/.m2/repository/com/netflix/servo/servo-core/0.12.21/servo-core-0.12.21-javadoc.jar","isSystem":false,"isOwn":false,"isTest":false,"isJavaContent":false},{"kind":"binary","path":"C:\\Users\\Kishor\\.m2\\repository\\com\\google\\guava\\guava\\19.0\\guava-19.0.jar","sourceContainerUrl":"file:/C:/Users/Kishor/.m2/repository/com/google/guava/guava/19.0/guava-19.0-sources.jar","javadocContainerUrl":"file:/C:/Users/Kishor/.m2/repository/com/google/guava/guava/19.0/guava-19.0-javadoc.jar","isSystem":false,"isOwn":false,"isTest":false,"isJavaContent":false},{"kind":"binary","path":"C:\\Users\\Kishor\\.m2\\repository\\org\\apache\\httpcomponents\\httpclient\\4.5.13\\httpclient-4.5.13.jar","sourceContainerUrl":"file:/C:/Users/Kishor/.m2/repository/org/apache/httpcomponents/httpclient/4.5.13/httpclient-4.5.13-sources.jar","javadocContainerUrl":"file:/C:/Users/Kishor/.m2/repository/org/apache/httpcomponents/httpclient/4.5.13/httpclient-4.5.13-javadoc.jar","isSystem":false,"isOwn":false,"isTest":false,"isJavaContent":false},{"kind":"binary","path":"C:\\Users\\Kishor\\.m2\\repository\\org\\apache\\httpcomponents\\httpcore\\4.4.14\\httpcore-4.4.14.jar","sourceContainerUrl":"file:/C:/Users/Kishor/.m2/repository/org/apache/httpcomponents/httpcore/4.4.14/httpcore-4.4.14-sources.jar","javadocContainerUrl":"file:/C:/Users/Kishor/.m2/repository/org/apache/httpcomponents/httpcore/4.4.14/httpcore-4.4.14-javadoc.jar","isSystem":false,"isOwn":false,"isTest":false,"isJavaContent":false},{"kind":"binary","path":"C:\\Users\\Kishor\\.m2\\repository\\commons-codec\\commons-codec\\1.15\\commons-codec-1.15.jar","sourceContainerUrl":"file:/C:/Users/Kishor/.m2/repository/commons-codec/commons-codec/1.15/commons-codec-1.15-sources.jar","javadocContainerUrl":"file:/C:/Users/Kishor/.m2/repository/commons-codec/commons-codec/1.15/commons-codec-1.15-javadoc.jar","isSystem":false,"isOwn":false,"isTest":false,"isJavaContent":false},{"kind":"binary","path":"C:\\Users\\Kishor\\.m2\\repository\\commons-configuration\\commons-configuration\\1.10\\commons-configuration-1.10.jar","sourceContainerUrl":"file:/C:/Users/Kishor/.m2/repository/commons-configuration/commons-configuration/1.10/commons-configuration-1.10-sources.jar","javadocContainerUrl":"file:/C:/Users/Kishor/.m2/repository/commons-configuration/commons-configuration/1.10/commons-configuration-1.10-javadoc.jar","isSystem":false,"isOwn":false,"isTest":false,"isJavaContent":false},{"kind":"binary","path":"C:\\Users\\Kishor\\.m2\\repository\\commons-lang\\commons-lang\\2.6\\commons-lang-2.6.jar","sourceContainerUrl":"file:/C:/Users/Kishor/.m2/repository/commons-lang/commons-lang/2.6/commons-lang-2.6-sources.jar","javadocContainerUrl":"file:/C:/Users/Kishor/.m2/repository/commons-lang/commons-lang/2.6/commons-lang-2.6-javadoc.jar","isSystem":false,"isOwn":false,"isTest":false,"isJavaContent":false},{"kind":"binary","path":"C:\\Users\\Kishor\\.m2\\repository\\com\\google\\inject\\guice\\4.1.0\\guice-4.1.0.jar","sourceContainerUrl":"file:/C:/Users/Kishor/.m2/repository/com/google/inject/guice/4.1.0/guice-4.1.0-sources.jar","javadocContainerUrl":"file:/C:/Users/Kishor/.m2/repository/com/google/inject/guice/4.1.0/guice-4.1.0-javadoc.jar","isSystem":false,"isOwn":false,"isTest":false,"isJavaContent":false},{"kind":"binary","path":"C:\\Users\\Kishor\\.m2\\repository\\javax\\inject\\javax.inject\\1\\javax.inject-1.jar","sourceContainerUrl":"file:/C:/Users/Kishor/.m2/repository/javax/inject/javax.inject/1/javax.inject-1-sources.jar","javadocContainerUrl":"file:/C:/Users/Kishor/.m2/repository/javax/inject/javax.inject/1/javax.inject-1-javadoc.jar","isSystem":false,"isOwn":false,"isTest":false,"isJavaContent":false},{"kind":"binary","path":"C:\\Users\\Kishor\\.m2\\repository\\aopalliance\\aopalliance\\1.0\\aopalliance-1.0.jar","sourceContainerUrl":"file:/C:/Users/Kishor/.m2/repository/aopalliance/aopalliance/1.0/aopalliance-1.0-sources.jar","isSystem":false,"isOwn":false,"isTest":false,"isJavaContent":false},{"kind":"binary","path":"C:\\Users\\Kishor\\.m2\\repository\\com\\fasterxml\\jackson\\core\\jackson-annotations\\2.11.4\\jackson-annotations-2.11.4.jar","sourceContainerUrl":"file:/C:/Users/Kishor/.m2/repository/com/fasterxml/jackson/core/jackson-annotations/2.11.4/jackson-annotations-2.11.4-sources.jar","javadocContainerUrl":"file:/C:/Users/Kishor/.m2/repository/com/fasterxml/jackson/core/jackson-annotations/2.11.4/jackson-annotations-2.11.4-javadoc.jar","isSystem":false,"isOwn":false,"isTest":false,"isJavaContent":false},{"kind":"binary","path":"C:\\Users\\Kishor\\.m2\\repository\\com\\fasterxml\\jackson\\core\\jackson-core\\2.11.4\\jackson-core-2.11.4.jar","sourceContainerUrl":"file:/C:/Users/Kishor/.m2/repository/com/fasterxml/jackson/core/jackson-core/2.11.4/jackson-core-2.11.4-sources.jar","javadocContainerUrl":"file:/C:/Users/Kishor/.m2/repository/com/fasterxml/jackson/core/jackson-core/2.11.4/jackson-core-2.11.4-javadoc.jar","isSystem":false,"isOwn":false,"isTest":false,"isJavaContent":false},{"kind":"binary","path":"C:\\Users\\Kishor\\.m2\\repository\\org\\codehaus\\jettison\\jettison\\1.4.0\\jettison-1.4.0.jar","sourceContainerUrl":"file:/C:/Users/Kishor/.m2/repository/org/codehaus/jettison/jettison/1.4.0/jettison-1.4.0-sources.jar","javadocContainerUrl":"file:/C:/Users/Kishor/.m2/repository/org/codehaus/jettison/jettison/1.4.0/jettison-1.4.0-javadoc.jar","isSystem":false,"isOwn":false,"isTest":false,"isJavaContent":false},{"kind":"binary","path":"C:\\Users\\Kishor\\.m2\\repository\\com\\netflix\\eureka\\eureka-core\\1.10.11\\eureka-core-1.10.11.jar","sourceContainerUrl":"file:/C:/Users/Kishor/.m2/repository/com/netflix/eureka/eureka-core/1.10.11/eureka-core-1.10.11-sources.jar","javadocContainerUrl":"file:/C:/Users/Kishor/.m2/repository/com/netflix/eureka/eureka-core/1.10.11/eureka-core-1.10.11-javadoc.jar","isSystem":false,"isOwn":false,"isTest":false,"isJavaContent":false},{"kind":"binary","path":"C:\\Users\\Kishor\\.m2\\repository\\com\\fasterxml\\woodstox\\woodstox-core\\5.3.0\\woodstox-core-5.3.0.jar","sourceContainerUrl":"file:/C:/Users/Kishor/.m2/repository/com/fasterxml/woodstox/woodstox-core/5.3.0/woodstox-core-5.3.0-sources.jar","javadocContainerUrl":"file:/C:/Users/Kishor/.m2/repository/com/fasterxml/woodstox/woodstox-core/5.3.0/woodstox-core-5.3.0-javadoc.jar","isSystem":false,"isOwn":false,"isTest":false,"isJavaContent":false},{"kind":"binary","path":"C:\\Users\\Kishor\\.m2\\repository\\org\\codehaus\\woodstox\\stax2-api\\4.2\\stax2-api-4.2.jar","sourceContainerUrl":"file:/C:/Users/Kishor/.m2/repository/org/codehaus/woodstox/stax2-api/4.2/stax2-api-4.2-sources.jar","javadocContainerUrl":"file:/C:/Users/Kishor/.m2/repository/org/codehaus/woodstox/stax2-api/4.2/stax2-api-4.2-javadoc.jar","isSystem":false,"isOwn":false,"isTest":false,"isJavaContent":false},{"kind":"binary","path":"C:\\Users\\Kishor\\.m2\\repository\\org\\springframework\\cloud\\spring-cloud-starter-loadbalancer\\3.0.2\\spring-cloud-starter-loadbalancer-3.0.2.jar","isSystem":false,"isOwn":false,"isTest":false,"isJavaContent":false},{"kind":"binary","path":"C:\\Users\\Kishor\\.m2\\repository\\org\\springframework\\cloud\\spring-cloud-loadbalancer\\3.0.2\\spring-cloud-loadbalancer-3.0.2.jar","sourceContainerUrl":"file:/C:/Users/Kishor/.m2/repository/org/springframework/cloud/spring-cloud-loadbalancer/3.0.2/spring-cloud-loadbalancer-3.0.2-sources.jar","javadocContainerUrl":"file:/C:/Users/Kishor/.m2/repository/org/springframework/cloud/spring-cloud-loadbalancer/3.0.2/spring-cloud-loadbalancer-3.0.2-javadoc.jar","isSystem":false,"isOwn":false,"isTest":false,"isJavaContent":false},{"kind":"binary","path":"C:\\Users\\Kishor\\.m2\\repository\\org\\springframework\\boot\\spring-boot-starter-validation\\2.4.6\\spring-boot-starter-validation-2.4.6.jar","sourceContainerUrl":"file:/C:/Users/Kishor/.m2/repository/org/springframework/boot/spring-boot-starter-validation/2.4.6/spring-boot-starter-validation-2.4.6-sources.jar","javadocContainerUrl":"file:/C:/Users/Kishor/.m2/repository/org/springframework/boot/spring-boot-starter-validation/2.4.6/spring-boot-starter-validation-2.4.6-javadoc.jar","isSystem":false,"isOwn":false,"isTest":false,"isJavaContent":false},{"kind":"binary","path":"C:\\Users\\Kishor\\.m2\\repository\\org\\hibernate\\validator\\hibernate-validator\\6.1.7.Final\\hibernate-validator-6.1.7.Final.jar","sourceContainerUrl":"file:/C:/Users/Kishor/.m2/repository/org/hibernate/validator/hibernate-validator/6.1.7.Final/hibernate-validator-6.1.7.Final-sources.jar","isSystem":false,"isOwn":false,"isTest":false,"isJavaContent":false},{"kind":"binary","path":"C:\\Users\\Kishor\\.m2\\repository\\jakarta\\validation\\jakarta.validation-api\\2.0.2\\jakarta.validation-api-2.0.2.jar","sourceContainerUrl":"file:/C:/Users/Kishor/.m2/repository/jakarta/validation/jakarta.validation-api/2.0.2/jakarta.validation-api-2.0.2-sources.jar","javadocContainerUrl":"file:/C:/Users/Kishor/.m2/repository/jakarta/validation/jakarta.validation-api/2.0.2/jakarta.validation-api-2.0.2-javadoc.jar","isSystem":false,"isOwn":false,"isTest":false,"isJavaContent":false},{"kind":"binary","path":"C:\\Users\\Kishor\\.m2\\repository\\io\\projectreactor\\reactor-core\\3.4.6\\reactor-core-3.4.6.jar","sourceContainerUrl":"file:/C:/Users/Kishor/.m2/repository/io/projectreactor/reactor-core/3.4.6/reactor-core-3.4.6-sources.jar","javadocContainerUrl":"file:/C:/Users/Kishor/.m2/repository/io/projectreactor/reactor-core/3.4.6/reactor-core-3.4.6-javadoc.jar","isSystem":false,"isOwn":false,"isTest":false,"isJavaContent":false},{"kind":"binary","path":"C:\\Users\\Kishor\\.m2\\repository\\org\\reactivestreams\\reactive-streams\\1.0.3\\reactive-streams-1.0.3.jar","sourceContainerUrl":"file:/C:/Users/Kishor/.m2/repository/org/reactivestreams/reactive-streams/1.0.3/reactive-streams-1.0.3-sources.jar","javadocContainerUrl":"file:/C:/Users/Kishor/.m2/repository/org/reactivestreams/reactive-streams/1.0.3/reactive-streams-1.0.3-javadoc.jar","isSystem":false,"isOwn":false,"isTest":false,"isJavaContent":false},{"kind":"binary","path":"C:\\Users\\Kishor\\.m2\\repository\\io\\projectreactor\\addons\\reactor-extra\\3.4.3\\reactor-extra-3.4.3.jar","sourceContainerUrl":"file:/C:/Users/Kishor/.m2/repository/io/projectreactor/addons/reactor-extra/3.4.3/reactor-extra-3.4.3-sources.jar","javadocContainerUrl":"file:/C:/Users/Kishor/.m2/repository/io/projectreactor/addons/reactor-extra/3.4.3/reactor-extra-3.4.3-javadoc.jar","isSystem":false,"isOwn":false,"isTest":false,"isJavaContent":false},{"kind":"binary","path":"C:\\Users\\Kishor\\.m2\\repository\\org\\springframework\\boot\\spring-boot-starter-cache\\2.4.6\\spring-boot-starter-cache-2.4.6.jar","sourceContainerUrl":"file:/C:/Users/Kishor/.m2/repository/org/springframework/boot/spring-boot-starter-cache/2.4.6/spring-boot-starter-cache-2.4.6-sources.jar","javadocContainerUrl":"file:/C:/Users/Kishor/.m2/repository/org/springframework/boot/spring-boot-starter-cache/2.4.6/spring-boot-starter-cache-2.4.6-javadoc.jar","isSystem":false,"isOwn":false,"isTest":false,"isJavaContent":false},{"kind":"binary","path":"C:\\Users\\Kishor\\.m2\\repository\\org\\springframework\\spring-context-support\\5.3.7\\spring-context-support-5.3.7.jar","sourceContainerUrl":"file:/C:/Users/Kishor/.m2/repository/org/springframework/spring-context-support/5.3.7/spring-context-support-5.3.7-sources.jar","javadocContainerUrl":"file:/C:/Users/Kishor/.m2/repository/org/springframework/spring-context-support/5.3.7/spring-context-support-5.3.7-javadoc.jar","isSystem":false,"isOwn":false,"isTest":false,"isJavaContent":false},{"kind":"binary","path":"C:\\Users\\Kishor\\.m2\\repository\\com\\stoyanr\\evictor\\1.0.0\\evictor-1.0.0.jar","sourceContainerUrl":"file:/C:/Users/Kishor/.m2/repository/com/stoyanr/evictor/1.0.0/evictor-1.0.0-sources.jar","javadocContainerUrl":"file:/C:/Users/Kishor/.m2/repository/com/stoyanr/evictor/1.0.0/evictor-1.0.0-javadoc.jar","isSystem":false,"isOwn":false,"isTest":false,"isJavaContent":false},{"kind":"binary","path":"C:\\Users\\Kishor\\.m2\\repository\\org\\springdoc\\springdoc-openapi-ui\\1.5.0\\springdoc-openapi-ui-1.5.0.jar","sourceContainerUrl":"file:/C:/Users/Kishor/.m2/repository/org/springdoc/springdoc-openapi-ui/1.5.0/springdoc-openapi-ui-1.5.0-sources.jar","javadocContainerUrl":"file:/C:/Users/Kishor/.m2/repository/org/springdoc/springdoc-openapi-ui/1.5.0/springdoc-openapi-ui-1.5.0-javadoc.jar","isSystem":false,"isOwn":false,"isTest":false,"isJavaContent":false},{"kind":"binary","path":"C:\\Users\\Kishor\\.m2\\repository\\org\\springdoc\\springdoc-openapi-webmvc-core\\1.5.0\\springdoc-openapi-webmvc-core-1.5.0.jar","sourceContainerUrl":"file:/C:/Users/Kishor/.m2/repository/org/springdoc/springdoc-openapi-webmvc-core/1.5.0/springdoc-openapi-webmvc-core-1.5.0-sources.jar","javadocContainerUrl":"file:/C:/Users/Kishor/.m2/repository/org/springdoc/springdoc-openapi-webmvc-core/1.5.0/springdoc-openapi-webmvc-core-1.5.0-javadoc.jar","isSystem":false,"isOwn":false,"isTest":false,"isJavaContent":false},{"kind":"binary","path":"C:\\Users\\Kishor\\.m2\\repository\\org\\springdoc\\springdoc-openapi-common\\1.5.0\\springdoc-openapi-common-1.5.0.jar","sourceContainerUrl":"file:/C:/Users/Kishor/.m2/repository/org/springdoc/springdoc-openapi-common/1.5.0/springdoc-openapi-common-1.5.0-sources.jar","javadocContainerUrl":"file:/C:/Users/Kishor/.m2/repository/org/springdoc/springdoc-openapi-common/1.5.0/springdoc-openapi-common-1.5.0-javadoc.jar","isSystem":false,"isOwn":false,"isTest":false,"isJavaContent":false},{"kind":"binary","path":"C:\\Users\\Kishor\\.m2\\repository\\io\\swagger\\core\\v3\\swagger-models\\2.1.5\\swagger-models-2.1.5.jar","sourceContainerUrl":"file:/C:/Users/Kishor/.m2/repository/io/swagger/core/v3/swagger-models/2.1.5/swagger-models-2.1.5-sources.jar","javadocContainerUrl":"file:/C:/Users/Kishor/.m2/repository/io/swagger/core/v3/swagger-models/2.1.5/swagger-models-2.1.5-javadoc.jar","isSystem":false,"isOwn":false,"isTest":false,"isJavaContent":false},{"kind":"binary","path":"C:\\Users\\Kishor\\.m2\\repository\\io\\swagger\\core\\v3\\swagger-annotations\\2.1.5\\swagger-annotations-2.1.5.jar","sourceContainerUrl":"file:/C:/Users/Kishor/.m2/repository/io/swagger/core/v3/swagger-annotations/2.1.5/swagger-annotations-2.1.5-sources.jar","javadocContainerUrl":"file:/C:/Users/Kishor/.m2/repository/io/swagger/core/v3/swagger-annotations/2.1.5/swagger-annotations-2.1.5-javadoc.jar","isSystem":false,"isOwn":false,"isTest":false,"isJavaContent":false},{"kind":"binary","path":"C:\\Users\\Kishor\\.m2\\repository\\io\\swagger\\core\\v3\\swagger-integration\\2.1.5\\swagger-integration-2.1.5.jar","sourceContainerUrl":"file:/C:/Users/Kishor/.m2/repository/io/swagger/core/v3/swagger-integration/2.1.5/swagger-integration-2.1.5-sources.jar","javadocContainerUrl":"file:/C:/Users/Kishor/.m2/repository/io/swagger/core/v3/swagger-integration/2.1.5/swagger-integration-2.1.5-javadoc.jar","isSystem":false,"isOwn":false,"isTest":false,"isJavaContent":false},{"kind":"binary","path":"C:\\Users\\Kishor\\.m2\\repository\\io\\swagger\\core\\v3\\swagger-core\\2.1.5\\swagger-core-2.1.5.jar","sourceContainerUrl":"file:/C:/Users/Kishor/.m2/repository/io/swagger/core/v3/swagger-core/2.1.5/swagger-core-2.1.5-sources.jar","javadocContainerUrl":"file:/C:/Users/Kishor/.m2/repository/io/swagger/core/v3/swagger-core/2.1.5/swagger-core-2.1.5-javadoc.jar","isSystem":false,"isOwn":false,"isTest":false,"isJavaContent":false},{"kind":"binary","path":"C:\\Users\\Kishor\\.m2\\repository\\com\\fasterxml\\jackson\\dataformat\\jackson-dataformat-yaml\\2.11.4\\jackson-dataformat-yaml-2.11.4.jar","sourceContainerUrl":"file:/C:/Users/Kishor/.m2/repository/com/fasterxml/jackson/dataformat/jackson-dataformat-yaml/2.11.4/jackson-dataformat-yaml-2.11.4-sources.jar","javadocContainerUrl":"file:/C:/Users/Kishor/.m2/repository/com/fasterxml/jackson/dataformat/jackson-dataformat-yaml/2.11.4/jackson-dataformat-yaml-2.11.4-javadoc.jar","isSystem":false,"isOwn":false,"isTest":false,"isJavaContent":false},{"kind":"binary","path":"C:\\Users\\Kishor\\.m2\\repository\\io\\github\\classgraph\\classgraph\\4.8.69\\classgraph-4.8.69.jar","sourceContainerUrl":"file:/C:/Users/Kishor/.m2/repository/io/github/classgraph/classgraph/4.8.69/classgraph-4.8.69-sources.jar","javadocContainerUrl":"file:/C:/Users/Kishor/.m2/repository/io/github/classgraph/classgraph/4.8.69/classgraph-4.8.69-javadoc.jar","isSystem":false,"isOwn":false,"isTest":false,"isJavaContent":false},{"kind":"binary","path":"C:\\Users\\Kishor\\.m2\\repository\\org\\apache\\commons\\commons-lang3\\3.11\\commons-lang3-3.11.jar","sourceContainerUrl":"file:/C:/Users/Kishor/.m2/repository/org/apache/commons/commons-lang3/3.11/commons-lang3-3.11-sources.jar","javadocContainerUrl":"file:/C:/Users/Kishor/.m2/repository/org/apache/commons/commons-lang3/3.11/commons-lang3-3.11-javadoc.jar","isSystem":false,"isOwn":false,"isTest":false,"isJavaContent":false},{"kind":"binary","path":"C:\\Users\\Kishor\\.m2\\repository\\org\\webjars\\swagger-ui\\3.36.1\\swagger-ui-3.36.1.jar","javadocContainerUrl":"file:/C:/Users/Kishor/.m2/repository/org/webjars/swagger-ui/3.36.1/swagger-ui-3.36.1-javadoc.jar","isSystem":false,"isOwn":false,"isTest":false,"isJavaContent":false},{"kind":"binary","path":"C:\\Users\\Kishor\\.m2\\repository\\org\\webjars\\webjars-locator-core\\0.46\\webjars-locator-core-0.46.jar","sourceContainerUrl":"file:/C:/Users/Kishor/.m2/repository/org/webjars/webjars-locator-core/0.46/webjars-locator-core-0.46-sources.jar","javadocContainerUrl":"file:/C:/Users/Kishor/.m2/repository/org/webjars/webjars-locator-core/0.46/webjars-locator-core-0.46-javadoc.jar","isSystem":false,"isOwn":false,"isTest":false,"isJavaContent":false},{"kind":"binary","path":"C:\\Users\\Kishor\\.m2\\repository\\javax\\validation\\validation-api\\2.0.1.Final\\validation-api-2.0.1.Final.jar","sourceContainerUrl":"file:/C:/Users/Kishor/.m2/repository/javax/validation/validation-api/2.0.1.Final/validation-api-2.0.1.Final-sources.jar","javadocContainerUrl":"file:/C:/Users/Kishor/.m2/repository/javax/validation/validation-api/2.0.1.Final/validation-api-2.0.1.Final-javadoc.jar","isSystem":false,"isOwn":false,"isTest":false,"isJavaContent":false},{"kind":"binary","path":"C:\\Users\\Kishor\\.m2\\repository\\log4j\\log4j\\1.2.17\\log4j-1.2.17.jar","sourceContainerUrl":"file:/C:/Users/Kishor/.m2/repository/log4j/log4j/1.2.17/log4j-1.2.17-sources.jar","javadocContainerUrl":"file:/C:/Users/Kishor/.m2/repository/log4j/log4j/1.2.17/log4j-1.2.17-javadoc.jar","isSystem":false,"isOwn":false,"isTest":false,"isJavaContent":false},{"kind":"binary","path":"C:\\Users\\Kishor\\.m2\\repository\\org\\springframework\\boot\\spring-boot-devtools\\2.4.6\\spring-boot-devtools-2.4.6.jar","sourceContainerUrl":"file:/C:/Users/Kishor/.m2/repository/org/springframework/boot/spring-boot-devtools/2.4.6/spring-boot-devtools-2.4.6-sources.jar","javadocContainerUrl":"file:/C:/Users/Kishor/.m2/repository/org/springframework/boot/spring-boot-devtools/2.4.6/spring-boot-devtools-2.4.6-javadoc.jar","isSystem":false,"isOwn":false,"isTest":false,"isJavaContent":false},{"kind":"binary","path":"C:\\Users\\Kishor\\.m2\\repository\\org\\springframework\\boot\\spring-boot\\2.4.6\\spring-boot-2.4.6.jar","sourceContainerUrl":"file:/C:/Users/Kishor/.m2/repository/org/springframework/boot/spring-boot/2.4.6/spring-boot-2.4.6-sources.jar","javadocContainerUrl":"file:/C:/Users/Kishor/.m2/repository/org/springframework/boot/spring-boot/2.4.6/spring-boot-2.4.6-javadoc.jar","isSystem":false,"isOwn":false,"isTest":false,"isJavaContent":false},{"kind":"binary","path":"C:\\Users\\Kishor\\.m2\\repository\\org\\springframework\\boot\\spring-boot-autoconfigure\\2.4.6\\spring-boot-autoconfigure-2.4.6.jar","sourceContainerUrl":"file:/C:/Users/Kishor/.m2/repository/org/springframework/boot/spring-boot-autoconfigure/2.4.6/spring-boot-autoconfigure-2.4.6-sources.jar","javadocContainerUrl":"file:/C:/Users/Kishor/.m2/repository/org/springframework/boot/spring-boot-autoconfigure/2.4.6/spring-boot-autoconfigure-2.4.6-javadoc.jar","isSystem":false,"isOwn":false,"isTest":false,"isJavaContent":false},{"kind":"binary","path":"C:\\Users\\Kishor\\.m2\\repository\\mysql\\mysql-connector-java\\8.0.25\\mysql-connector-java-8.0.25.jar","sourceContainerUrl":"file:/C:/Users/Kishor/.m2/repository/mysql/mysql-connector-java/8.0.25/mysql-connector-java-8.0.25-sources.jar","isSystem":false,"isOwn":false,"isTest":false,"isJavaContent":false},{"kind":"binary","path":"C:\\Users\\Kishor\\.m2\\repository\\org\\springframework\\boot\\spring-boot-starter-test\\2.4.6\\spring-boot-starter-test-2.4.6.jar","sourceContainerUrl":"file:/C:/Users/Kishor/.m2/repository/org/springframework/boot/spring-boot-starter-test/2.4.6/spring-boot-starter-test-2.4.6-sources.jar","javadocContainerUrl":"file:/C:/Users/Kishor/.m2/repository/org/springframework/boot/spring-boot-starter-test/2.4.6/spring-boot-starter-test-2.4.6-javadoc.jar","isSystem":false,"isOwn":false,"isTest":false,"isJavaContent":false},{"kind":"binary","path":"C:\\Users\\Kishor\\.m2\\repository\\org\\springframework\\boot\\spring-boot-test\\2.4.6\\spring-boot-test-2.4.6.jar","sourceContainerUrl":"file:/C:/Users/Kishor/.m2/repository/org/springframework/boot/spring-boot-test/2.4.6/spring-boot-test-2.4.6-sources.jar","javadocContainerUrl":"file:/C:/Users/Kishor/.m2/repository/org/springframework/boot/spring-boot-test/2.4.6/spring-boot-test-2.4.6-javadoc.jar","isSystem":false,"isOwn":false,"isTest":false,"isJavaContent":false},{"kind":"binary","path":"C:\\Users\\Kishor\\.m2\\repository\\org\\springframework\\boot\\spring-boot-test-autoconfigure\\2.4.6\\spring-boot-test-autoconfigure-2.4.6.jar","sourceContainerUrl":"file:/C:/Users/Kishor/.m2/repository/org/springframework/boot/spring-boot-test-autoconfigure/2.4.6/spring-boot-test-autoconfigure-2.4.6-sources.jar","javadocContainerUrl":"file:/C:/Users/Kishor/.m2/repository/org/springframework/boot/spring-boot-test-autoconfigure/2.4.6/spring-boot-test-autoconfigure-2.4.6-javadoc.jar","isSystem":false,"isOwn":false,"isTest":false,"isJavaContent":false},{"kind":"binary","path":"C:\\Users\\Kishor\\.m2\\repository\\com\\jayway\\jsonpath\\json-path\\2.4.0\\json-path-2.4.0.jar","sourceContainerUrl":"file:/C:/Users/Kishor/.m2/repository/com/jayway/jsonpath/json-path/2.4.0/json-path-2.4.0-sources.jar","javadocContainerUrl":"file:/C:/Users/Kishor/.m2/repository/com/jayway/jsonpath/json-path/2.4.0/json-path-2.4.0-javadoc.jar","isSystem":false,"isOwn":false,"isTest":false,"isJavaContent":false},{"kind":"binary","path":"C:\\Users\\Kishor\\.m2\\repository\\net\\minidev\\json-smart\\2.3.1\\json-smart-2.3.1.jar","sourceContainerUrl":"file:/C:/Users/Kishor/.m2/repository/net/minidev/json-smart/2.3.1/json-smart-2.3.1-sources.jar","javadocContainerUrl":"file:/C:/Users/Kishor/.m2/repository/net/minidev/json-smart/2.3.1/json-smart-2.3.1-javadoc.jar","isSystem":false,"isOwn":false,"isTest":false,"isJavaContent":false},{"kind":"binary","path":"C:\\Users\\Kishor\\.m2\\repository\\net\\minidev\\accessors-smart\\2.3.1\\accessors-smart-2.3.1.jar","sourceContainerUrl":"file:/C:/Users/Kishor/.m2/repository/net/minidev/accessors-smart/2.3.1/accessors-smart-2.3.1-sources.jar","javadocContainerUrl":"file:/C:/Users/Kishor/.m2/repository/net/minidev/accessors-smart/2.3.1/accessors-smart-2.3.1-javadoc.jar","isSystem":false,"isOwn":false,"isTest":false,"isJavaContent":false},{"kind":"binary","path":"C:\\Users\\Kishor\\.m2\\repository\\org\\ow2\\asm\\asm\\5.0.4\\asm-5.0.4.jar","sourceContainerUrl":"file:/C:/Users/Kishor/.m2/repository/org/ow2/asm/asm/5.0.4/asm-5.0.4-sources.jar","javadocContainerUrl":"file:/C:/Users/Kishor/.m2/repository/org/ow2/asm/asm/5.0.4/asm-5.0.4-javadoc.jar","isSystem":false,"isOwn":false,"isTest":false,"isJavaContent":false},{"kind":"binary","path":"C:\\Users\\Kishor\\.m2\\repository\\jakarta\\xml\\bind\\jakarta.xml.bind-api\\2.3.3\\jakarta.xml.bind-api-2.3.3.jar","sourceContainerUrl":"file:/C:/Users/Kishor/.m2/repository/jakarta/xml/bind/jakarta.xml.bind-api/2.3.3/jakarta.xml.bind-api-2.3.3-sources.jar","javadocContainerUrl":"file:/C:/Users/Kishor/.m2/repository/jakarta/xml/bind/jakarta.xml.bind-api/2.3.3/jakarta.xml.bind-api-2.3.3-javadoc.jar","isSystem":false,"isOwn":false,"isTest":false,"isJavaContent":false},{"kind":"binary","path":"C:\\Users\\Kishor\\.m2\\repository\\jakarta\\activation\\jakarta.activation-api\\1.2.2\\jakarta.activation-api-1.2.2.jar","sourceContainerUrl":"file:/C:/Users/Kishor/.m2/repository/jakarta/activation/jakarta.activation-api/1.2.2/jakarta.activation-api-1.2.2-sources.jar","javadocContainerUrl":"file:/C:/Users/Kishor/.m2/repository/jakarta/activation/jakarta.activation-api/1.2.2/jakarta.activation-api-1.2.2-javadoc.jar","isSystem":false,"isOwn":false,"isTest":false,"isJavaContent":false},{"kind":"binary","path":"C:\\Users\\Kishor\\.m2\\repository\\org\\assertj\\assertj-core\\3.18.1\\assertj-core-3.18.1.jar","sourceContainerUrl":"file:/C:/Users/Kishor/.m2/repository/org/assertj/assertj-core/3.18.1/assertj-core-3.18.1-sources.jar","javadocContainerUrl":"file:/C:/Users/Kishor/.m2/repository/org/assertj/assertj-core/3.18.1/assertj-core-3.18.1-javadoc.jar","isSystem":false,"isOwn":false,"isTest":false,"isJavaContent":false},{"kind":"binary","path":"C:\\Users\\Kishor\\.m2\\repository\\org\\hamcrest\\hamcrest\\2.2\\hamcrest-2.2.jar","sourceContainerUrl":"file:/C:/Users/Kishor/.m2/repository/org/hamcrest/hamcrest/2.2/hamcrest-2.2-sources.jar","javadocContainerUrl":"file:/C:/Users/Kishor/.m2/repository/org/hamcrest/hamcrest/2.2/hamcrest-2.2-javadoc.jar","isSystem":false,"isOwn":false,"isTest":false,"isJavaContent":false},{"kind":"binary","path":"C:\\Users\\Kishor\\.m2\\repository\\org\\junit\\jupiter\\junit-jupiter\\5.7.2\\junit-jupiter-5.7.2.jar","sourceContainerUrl":"file:/C:/Users/Kishor/.m2/repository/org/junit/jupiter/junit-jupiter/5.7.2/junit-jupiter-5.7.2-sources.jar","javadocContainerUrl":"file:/C:/Users/Kishor/.m2/repository/org/junit/jupiter/junit-jupiter/5.7.2/junit-jupiter-5.7.2-javadoc.jar","isSystem":false,"isOwn":false,"isTest":false,"isJavaContent":false},{"kind":"binary","path":"C:\\Users\\Kishor\\.m2\\repository\\org\\junit\\jupiter\\junit-jupiter-api\\5.7.2\\junit-jupiter-api-5.7.2.jar","sourceContainerUrl":"file:/C:/Users/Kishor/.m2/repository/org/junit/jupiter/junit-jupiter-api/5.7.2/junit-jupiter-api-5.7.2-sources.jar","javadocContainerUrl":"file:/C:/Users/Kishor/.m2/repository/org/junit/jupiter/junit-jupiter-api/5.7.2/junit-jupiter-api-5.7.2-javadoc.jar","isSystem":false,"isOwn":false,"isTest":false,"isJavaContent":false},{"kind":"binary","path":"C:\\Users\\Kishor\\.m2\\repository\\org\\apiguardian\\apiguardian-api\\1.1.0\\apiguardian-api-1.1.0.jar","sourceContainerUrl":"file:/C:/Users/Kishor/.m2/repository/org/apiguardian/apiguardian-api/1.1.0/apiguardian-api-1.1.0-sources.jar","javadocContainerUrl":"file:/C:/Users/Kishor/.m2/repository/org/apiguardian/apiguardian-api/1.1.0/apiguardian-api-1.1.0-javadoc.jar","isSystem":false,"isOwn":false,"isTest":false,"isJavaContent":false},{"kind":"binary","path":"C:\\Users\\Kishor\\.m2\\repository\\org\\opentest4j\\opentest4j\\1.2.0\\opentest4j-1.2.0.jar","sourceContainerUrl":"file:/C:/Users/Kishor/.m2/repository/org/opentest4j/opentest4j/1.2.0/opentest4j-1.2.0-sources.jar","javadocContainerUrl":"file:/C:/Users/Kishor/.m2/repository/org/opentest4j/opentest4j/1.2.0/opentest4j-1.2.0-javadoc.jar","isSystem":false,"isOwn":false,"isTest":false,"isJavaContent":false},{"kind":"binary","path":"C:\\Users\\Kishor\\.m2\\repository\\org\\junit\\platform\\junit-platform-commons\\1.7.2\\junit-platform-commons-1.7.2.jar","sourceContainerUrl":"file:/C:/Users/Kishor/.m2/repository/org/junit/platform/junit-platform-commons/1.7.2/junit-platform-commons-1.7.2-sources.jar","javadocContainerUrl":"file:/C:/Users/Kishor/.m2/repository/org/junit/platform/junit-platform-commons/1.7.2/junit-platform-commons-1.7.2-javadoc.jar","isSystem":false,"isOwn":false,"isTest":false,"isJavaContent":false},{"kind":"binary","path":"C:\\Users\\Kishor\\.m2\\repository\\org\\junit\\jupiter\\junit-jupiter-params\\5.7.2\\junit-jupiter-params-5.7.2.jar","sourceContainerUrl":"file:/C:/Users/Kishor/.m2/repository/org/junit/jupiter/junit-jupiter-params/5.7.2/junit-jupiter-params-5.7.2-sources.jar","javadocContainerUrl":"file:/C:/Users/Kishor/.m2/repository/org/junit/jupiter/junit-jupiter-params/5.7.2/junit-jupiter-params-5.7.2-javadoc.jar","isSystem":false,"isOwn":false,"isTest":false,"isJavaContent":false},{"kind":"binary","path":"C:\\Users\\Kishor\\.m2\\repository\\org\\junit\\jupiter\\junit-jupiter-engine\\5.7.2\\junit-jupiter-engine-5.7.2.jar","sourceContainerUrl":"file:/C:/Users/Kishor/.m2/repository/org/junit/jupiter/junit-jupiter-engine/5.7.2/junit-jupiter-engine-5.7.2-sources.jar","javadocContainerUrl":"file:/C:/Users/Kishor/.m2/repository/org/junit/jupiter/junit-jupiter-engine/5.7.2/junit-jupiter-engine-5.7.2-javadoc.jar","isSystem":false,"isOwn":false,"isTest":false,"isJavaContent":false},{"kind":"binary","path":"C:\\Users\\Kishor\\.m2\\repository\\org\\junit\\platform\\junit-platform-engine\\1.7.2\\junit-platform-engine-1.7.2.jar","sourceContainerUrl":"file:/C:/Users/Kishor/.m2/repository/org/junit/platform/junit-platform-engine/1.7.2/junit-platform-engine-1.7.2-sources.jar","javadocContainerUrl":"file:/C:/Users/Kishor/.m2/repository/org/junit/platform/junit-platform-engine/1.7.2/junit-platform-engine-1.7.2-javadoc.jar","isSystem":false,"isOwn":false,"isTest":false,"isJavaContent":false},{"kind":"binary","path":"C:\\Users\\Kishor\\.m2\\repository\\org\\mockito\\mockito-core\\3.6.28\\mockito-core-3.6.28.jar","sourceContainerUrl":"file:/C:/Users/Kishor/.m2/repository/org/mockito/mockito-core/3.6.28/mockito-core-3.6.28-sources.jar","javadocContainerUrl":"file:/C:/Users/Kishor/.m2/repository/org/mockito/mockito-core/3.6.28/mockito-core-3.6.28-javadoc.jar","isSystem":false,"isOwn":false,"isTest":false,"isJavaContent":false},{"kind":"binary","path":"C:\\Users\\Kishor\\.m2\\repository\\net\\bytebuddy\\byte-buddy-agent\\1.10.22\\byte-buddy-agent-1.10.22.jar","sourceContainerUrl":"file:/C:/Users/Kishor/.m2/repository/net/bytebuddy/byte-buddy-agent/1.10.22/byte-buddy-agent-1.10.22-sources.jar","javadocContainerUrl":"file:/C:/Users/Kishor/.m2/repository/net/bytebuddy/byte-buddy-agent/1.10.22/byte-buddy-agent-1.10.22-javadoc.jar","isSystem":false,"isOwn":false,"isTest":false,"isJavaContent":false},{"kind":"binary","path":"C:\\Users\\Kishor\\.m2\\repository\\org\\objenesis\\objenesis\\3.1\\objenesis-3.1.jar","sourceContainerUrl":"file:/C:/Users/Kishor/.m2/repository/org/objenesis/objenesis/3.1/objenesis-3.1-sources.jar","javadocContainerUrl":"file:/C:/Users/Kishor/.m2/repository/org/objenesis/objenesis/3.1/objenesis-3.1-javadoc.jar","isSystem":false,"isOwn":false,"isTest":false,"isJavaContent":false},{"kind":"binary","path":"C:\\Users\\Kishor\\.m2\\repository\\org\\mockito\\mockito-junit-jupiter\\3.6.28\\mockito-junit-jupiter-3.6.28.jar","sourceContainerUrl":"file:/C:/Users/Kishor/.m2/repository/org/mockito/mockito-junit-jupiter/3.6.28/mockito-junit-jupiter-3.6.28-sources.jar","javadocContainerUrl":"file:/C:/Users/Kishor/.m2/repository/org/mockito/mockito-junit-jupiter/3.6.28/mockito-junit-jupiter-3.6.28-javadoc.jar","isSystem":false,"isOwn":false,"isTest":false,"isJavaContent":false},{"kind":"binary","path":"C:\\Users\\Kishor\\.m2\\repository\\org\\skyscreamer\\jsonassert\\1.5.0\\jsonassert-1.5.0.jar","sourceContainerUrl":"file:/C:/Users/Kishor/.m2/repository/org/skyscreamer/jsonassert/1.5.0/jsonassert-1.5.0-sources.jar","javadocContainerUrl":"file:/C:/Users/Kishor/.m2/repository/org/skyscreamer/jsonassert/1.5.0/jsonassert-1.5.0-javadoc.jar","isSystem":false,"isOwn":false,"isTest":false,"isJavaContent":false},{"kind":"binary","path":"C:\\Users\\Kishor\\.m2\\repository\\com\\vaadin\\external\\google\\android-json\\0.0.20131108.vaadin1\\android-json-0.0.20131108.vaadin1.jar","sourceContainerUrl":"file:/C:/Users/Kishor/.m2/repository/com/vaadin/external/google/android-json/0.0.20131108.vaadin1/android-json-0.0.20131108.vaadin1-sources.jar","javadocContainerUrl":"file:/C:/Users/Kishor/.m2/repository/com/vaadin/external/google/android-json/0.0.20131108.vaadin1/android-json-0.0.20131108.vaadin1-javadoc.jar","isSystem":false,"isOwn":false,"isTest":false,"isJavaContent":false},{"kind":"binary","path":"C:\\Users\\Kishor\\.m2\\repository\\org\\springframework\\spring-core\\5.3.7\\spring-core-5.3.7.jar","sourceContainerUrl":"file:/C:/Users/Kishor/.m2/repository/org/springframework/spring-core/5.3.7/spring-core-5.3.7-sources.jar","javadocContainerUrl":"file:/C:/Users/Kishor/.m2/repository/org/springframework/spring-core/5.3.7/spring-core-5.3.7-javadoc.jar","isSystem":false,"isOwn":false,"isTest":false,"isJavaContent":false},{"kind":"binary","path":"C:\\Users\\Kishor\\.m2\\repository\\org\\springframework\\spring-jcl\\5.3.7\\spring-jcl-5.3.7.jar","sourceContainerUrl":"file:/C:/Users/Kishor/.m2/repository/org/springframework/spring-jcl/5.3.7/spring-jcl-5.3.7-sources.jar","javadocContainerUrl":"file:/C:/Users/Kishor/.m2/repository/org/springframework/spring-jcl/5.3.7/spring-jcl-5.3.7-javadoc.jar","isSystem":false,"isOwn":false,"isTest":false,"isJavaContent":false},{"kind":"binary","path":"C:\\Users\\Kishor\\.m2\\repository\\org\\springframework\\spring-test\\5.3.7\\spring-test-5.3.7.jar","sourceContainerUrl":"file:/C:/Users/Kishor/.m2/repository/org/springframework/spring-test/5.3.7/spring-test-5.3.7-sources.jar","javadocContainerUrl":"file:/C:/Users/Kishor/.m2/repository/org/springframework/spring-test/5.3.7/spring-test-5.3.7-javadoc.jar","isSystem":false,"isOwn":false,"isTest":false,"isJavaContent":false},{"kind":"binary","path":"C:\\Users\\Kishor\\.m2\\repository\\org\\xmlunit\\xmlunit-core\\2.7.0\\xmlunit-core-2.7.0.jar","sourceContainerUrl":"file:/C:/Users/Kishor/.m2/repository/org/xmlunit/xmlunit-core/2.7.0/xmlunit-core-2.7.0-sources.jar","javadocContainerUrl":"file:/C:/Users/Kishor/.m2/repository/org/xmlunit/xmlunit-core/2.7.0/xmlunit-core-2.7.0-javadoc.jar","isSystem":false,"isOwn":false,"isTest":false,"isJavaContent":false},{"kind":"source","path":"C:\\Users\\Kishor\\Downloads\\MicroServices-main\\MicroServices-main\\ecom\\EcommerceApp\\src\\main\\java","outputFolder":"C:\\Users\\Kishor\\Downloads\\MicroServices-main\\MicroServices-main\\ecom\\EcommerceApp\\target\\classes","javadocContainerUrl":"file:/C:/Users/Kishor/Downloads/MicroServices-main/MicroServices-main/ecom/EcommerceApp/target/site/apidocs","isSystem":false,"isOwn":true,"isTest":false,"isJavaContent":true},{"kind":"source","path":"C:\\Users\\Kishor\\Downloads\\MicroServices-main\\MicroServices-main\\ecom\\EcommerceApp\\src\\test\\java","outputFolder":"C:\\Users\\Kishor\\Downloads\\MicroServices-main\\MicroServices-main\\ecom\\EcommerceApp\\target\\test-classes","javadocContainerUrl":"file:/C:/Users/Kishor/Downloads/MicroServices-main/MicroServices-main/ecom/EcommerceApp/target/site/apidocs","isSystem":false,"isOwn":true,"isTest":true,"isJavaContent":true},{"kind":"source","path":"C:\\Users\\Kishor\\Downloads\\MicroServices-main\\MicroServices-main\\ecom\\EcommerceApp\\src\\main\\resources","outputFolder":"C:\\Users\\Kishor\\Downloads\\MicroServices-main\\MicroServices-main\\ecom\\EcommerceApp\\target\\classes","isSystem":false,"isOwn":true,"isTest":false,"isJavaContent":false},{"kind":"source","path":"C:\\Users\\Kishor\\Downloads\\MicroServices-main\\MicroServices-main\\ecom\\EcommerceApp\\src\\test\\resources","outputFolder":"C:\\Users\\Kishor\\Downloads\\MicroServices-main\\MicroServices-main\\ecom\\EcommerceApp\\target\\test-classes","isSystem":false,"isOwn":true,"isTest":true,"isJavaContent":false},{"kind":"source","path":"C:\\Users\\Kishor\\Downloads\\MicroServices-main\\MicroServices-main\\ecom\\EcommerceApp\\src\\test\\java","outputFolder":"C:\\Users\\Kishor\\Downloads\\MicroServices-main\\MicroServices-main\\ecom\\EcommerceApp\\target\\test-classes","javadocContainerUrl":"file:/C:/Users/Kishor/Downloads/MicroServices-main/MicroServices-main/ecom/EcommerceApp/target/site/apidocs","isSystem":false,"isOwn":true,"isTest":false,"isJavaContent":false}]}